<?xml version="1.0" encoding="UTF-8"?>
<project-private xmlns="http://www.netbeans.org/ns/project-private/1">
    <editor-bookmarks xmlns="http://www.netbeans.org/ns/editor-bookmarks/2" lastBookmarkId="0"/>
    <open-files xmlns="http://www.netbeans.org/ns/projectui-open-files/2">
        <group>
            <file>file:/E:/Users/HP/Downloads/Search%20Bar2/public_html/index.html</file>
            <file>file:/E:/Users/HP/Downloads/Search%20Bar2/public_html/Document.html</file>
            <file>file:/E:/Users/HP/Downloads/Search%20Bar2/public_html/css/custom.css</file>
        </group>
    </open-files>
</project-private>
